,metaphor,topic
0,Happiness is a cloudless sky on a sunny day.,happiness
1,"=$Sadness is a dark cloud that hangs over my head, casting a shadow on everything I do.",sadness
2,"My anger is like a volcano, ready to erupt at any moment.",anger
3,"I love you as the sun loves the sky;With every ray of light that I give,I hope to brighten your day and make you feel as loved as you are.",love
4,Happiness is like the sun on a cloudy day.,happiness
5,Sadness is a deep well that you can never climb out of.,sadness
6,Anger is a roar.,anger
7,"Love is like a rose, beautiful and perfect. But also like a rose, love can have thorns.",love
8,"Happiness is like a bright light at the end of a long, dark tunnel.",happiness
9,Sadness is like a heavy blanket that smothers you and weighs you down.,sadness
10,"She was so angry, she was like a storm about to unleash all her fury.",anger
11,"Love is a candle in the dark.",love
12,"Happiness is like a brightly lit room after a long, dark journey.",happiness
13,Sadness is like a heavy storm cloud that hangs over your head and won't go away.,sadness
14,"The anger was a fire inside her, consuming everything in its path.",anger
15,"Love is like a drug; it can be addictive and destructive, or it can be healing and beneficial.",love
16,Happiness is the sun on a cloudy day.,happiness
17,Sadness is a blanket of darkness that engulfs your heart and mind.,sadness
18,"My anger is a fire, licking at everything in its path, until there is nothing left but smoldering ashes.",anger
19,"Love is like the sun, it's always there for you.",love
20,"Happiness is like a cupcake: it's small, sweet, and always makes you feel better.",happiness
21,My sadness is like a dark cloud that follows me around everywhere I go.,sadness
22,"Anger is like a storm that rages through you, tearing everything apart in its path.",anger
23,"Love is like the sun, it's always there for you.",love
24,Happiness is like a warm cup of coffee on a cold day.,happiness
25,The emptiness I feel is like a vast ocean. It swallows me whole and drags me down into the darkness. I can't escape it.,sadness
26,"She was so angry, she was like an earthquake about to destroy everything in its wake.",anger
27,"Love is like a sunrise; it's always beautiful, no matter how many times you've seen it.",love
28,Happiness is a glowing sun on a cold winter day.,happiness
29,"Sadness is like a demon that lives inside me. It's always there, lurking in the shadows, waiting to take control. It's a battle to keep it at bay, and some days I'm not sure I can win.",sadness
30,"Anger is like a unstoppable force, it's like a tornado tearing through everything in it's path.",anger
31,"Love is a rose. It has its thorns, but its beauty outweighs them.",love
32,Happiness is like a sunbeamIt warms you from the inside outAnd chase away the clouds of sadnessSo that you can clearly see the beauty of life.,happiness
33,My sadness is a gigantic storm cloud that hangs over my head and dumps rain on me constantly.,sadness
34,"The anger is a raging fire inside me, burning everything in its path.",anger
35,Love is a thieves in the night. It sneaks up on you when you're least expecting it and steals your heart.,love
36,"Happiness is like a butterfly, it's delicate and can be easily scared away. But when you catch it, it's beautiful and worth the effort.",happiness
37,Sadness is like a storm; it's dark and gloomy and can last for days.,sadness
38,"My anger is like a hurricane, tearing through everything in its path with no regard for who or what it destroys.",anger
39,"Love is like an old oak tree. It's strong and weathered, but it's still standing after all these years.",love
40,Happiness is like a cloudless sky on a summer day,happiness
41,Sadness is like a dark cloud that follows you around wherever you go.,sadness
42,My anger is like a tornado victimizing everything in its path.,anger
43,"Love is a candle in the dark.",love
44,Happiness is the sun on a cloudy day,happiness
45,"Sadness is like a storm cloud that hangs over your head, following you around everywhere you go.",sadness
46,"My anger is like a hurricane, tearing through everything in its path.",anger
47,"Love is a rose, with its thorns and its sweetness.",love
48,"Happiness is like a high; it's exhilarating and exciting. it's like being on top of the world, looking down at everything else and feeling like you can conquer anything.",happiness
49,Sadness is like a storm cloud that won't go away.,sadness
50,"anger is like a bright red lightit's hard to missand it's hard to ignore once you see it,you can't unsee itand it's impossible to ignore",anger
51,"Love is like a candle; it can light up a dark room, but it can also start a fire.",love
52,"Happiness is like the sun. It's bright, warm, and makes you feel good.",happiness
53,"Sadness is a cold, dark room with no windows and no doors.",sadness
54,"The anger is a dam, holding back a river of emotion, ready to burst through at any moment.",anger
55,"Love is like a drug; it can be addicting and harmful, but it can also be exhilarating and exciting.",love
56,Happiness is like a ray of sunshine on a cloudy day.,happiness
57,"My sadness is an iceberg, drowning me slowly.",sadness
58,"Anger is like a hurricane. It can build up slowly, and then it can explode suddenly and violently.",anger
59,"Love is like a song; it can make you feel happy, sad, or nostalgic.",love
60,"Happiness is like a rose. It has its thorns, but it's still beautiful.",happiness
61,Sadness is a lonely road with no end in sight.,sadness
62,Rage is a fire that burns hot and out of control. It's destructive and can consume everything in its path.,anger
63,"Love is a rose, and sometimes it has thorns.",love
64,"Happiness is like a brightly lit room after a long, dark night.",happiness
65,"Sadness is like a cold, dark night. It's so dark you can't see your hand in front of your face. You're so cold you can't feel your toes. And you're so alone you can't hear anything but the sound of your own heart beating.",sadness
66,"Anger is like a storm, brewing and gathering strength until it's ready to unleash its fury.",anger
67,Love is the light that guides you through the dark times,love
68,"Happiness is a summer's day;It's warm and sunny,With a gentle breeze blowing.The flowers are in bloomAnd the birds are singing.Everything is right in the worldAnd you can't help but smile.",happiness
69,I am a bottomless well of sadness.I am a never-ending storm of sadness.,sadness
70,"My anger is a bright red rose. It's pretty to look at, but it has thorns that can hurt you.",anger
71,"Love is like a mirror; it reflects who you are, good and bad.",love
72,Happiness is the sun on a cold winter day.,happiness
73,"Sadness is like a cloud that hangs over you, dark and dreary.",sadness
74,"Rage is a hungry fire, devouring everything in its path.",anger
75,"I am like a rose,I have thornsbut I am still beautiful.",love
76,"Happiness is like a warm, sunny day. It's bright, cheerful, and makes you feel good all over.",happiness
77,"Sadness is a dark, cold room with no windows or doors.",sadness
78,The anger was a raging fire that consumed everything in its path.,anger
79,"Love is like the sun, always shining down on you even on your darkest days.",love
80,"Happiness is like a butterfly. It's colorful, delicate and shines brightly in the sun. It flutters around making everyone smile.",happiness
81,Sadness is like a dark cloud that hangs over your head.,sadness
82," Anger is an inferno, consuming everything in its path.",anger
83,"Love is like a rose. It's beautiful, but it can also prick you.",love
84,"Happiness is like a rose. It has thorns, but the fragrance and beauty are worth the prick.",happiness
85,"Sadness is like a deep, dark hole that you can't seem to claw your way out of.",sadness
86,"Anger is like a tiger, it's fierce and dangerous.",anger
87,"Love is like a river; it can be calm or turbulent, but it always flows.",love
88,"Happiness is like the sun. It's bright, warm, and always there when you need it.",happiness
89,Sadness is like a stormy sea. It can be calm one minute and the next minute it can be raging.,sadness
90,My anger is like a hurricane. It's destructive and it comes on suddenly.,anger
91,"It's like a rose,It has thornsBut it's still beautiful",love
92,Happiness is like a box of chocolates. You never know what you're going to get.,happiness
93,"Sadness is a dark cloud that hangs over me, looming and threatening to pour down on me at any moment.",sadness
94,"Anger is like a fire that burns within you, consuming everything in its path.",anger
95,"Though her love was as strong as a rock, it eventually crumbled to pieces.",love
96,"Happiness is like a rose, it has its thorns, but it's still beautiful",happiness
97,"Sadness is like a heavy storm cloud that hangs over your head, blocking out the sun and casting a dark shadow over everything.",sadness
98,Anger is a fire that consuming everything in its path.,anger
99,"Love is like a rose. It's beautiful and has a great smell, but it can also prick you if you're not careful.",love
100,Happiness is a roadsign that points you in the right direction.,happiness
101,"My heart is a cement truck, slowly pouring out its load of grief.",sadness
102,"My anger is like a volcano, bubbling and churning until it finally explodes.",anger
103,"Love is like a rose. It's beautiful and has a sweet smell, but it can also prick you with its thorns.",love
104,"Happiness is like a rose, it has its thorns, but is still beautiful.",happiness
105,"I am a storm, crashing and ruinous. I am the darkness that swallows the light. I am a weight that presses down, unending and oppressive.",sadness
106,"As angry as a thunderstorm.",anger
107,"Love is like a rose; its beauty is seen by all, but its thorns can only be felt by those who pick it.",love
108,"Happiness is like a sunny day. It's bright, warm, and makes you feel good.",happiness
109,"Sadness is like a dark cloud looming overhead, casting a shadow on everything below.",sadness
110,"Anger is like a storm, it can be destructive and cause havoc.",anger
111,"Love is like a rose, it's beautiful and has thorns",love
112,Happiness is like a warm embrace from a loved one.,happiness
113,sadness is like a knife that pierces your heart,sadness
114,"Anger is like a bomb, it can destroy everything in its path.",anger
115,Love is like buttons on a shirt. You can't have one without the other.,love
116,Happiness is the sun on a clear day.,happiness
117,"Sadness is like a hurricane. It comes in from the sea and unleashes its fury on everything in its path. It destroys buildings and uproots trees. It devastates entire communities. And when it's over, it leaves behind a trail of destruction.",sadness
118,"She was a volcano, ready to erupt at any moment.",anger
119,"My love is a rose. It's beautiful and perfect. It has thorns, but I know how to avoid them. It's my rose, and I love it.",love
120,Happiness is the sun on a cloudy day.,happiness
121,"Sadness is like a dark cloud that looms over you, casting a shadow on everything you do.",sadness
122,"Anger is like a river that can never be contained. It's always there, lurking under the surface, ready to burst out at any moment.",anger
123,"Love is like a rose. It's beautiful and perfect when it's new, but it eventually fades and dies.",love
124,"Happiness is like a butterfly. It's delicate and beautiful, and it flutters around making everything seem more magical.",happiness
125,"Sadness is like a dark cloud. It hovers over you, making everything seem dreary and depressing. It's hard to shake off, and it can linger for days, weeks, or even months.",sadness
126,"Anger is a volcano erupting, destroying everything in its path.",anger
127,"Love is an all-consuming fire.It's all-encompassing and consuming,and it's all-powerful.It can never be contained or extinguished.It burns brighter and hotter than anything else.",love
128,"Love is like a miracle; it can be wonderful and life-changing, but it can also be rare",happiness
129,Sadness is like a dark cloud that hangs over your head.,sadness
130,Anger is a caged animal that flaming hot lava ready to explode,anger
131,"Love is like the sun; it can be warm and comforting, or it can be harsh and unforgiving.",love
132,"Happiness is like a bar of soap. It's there when you need it, and it makes everything feel better.",happiness
133,"Sadness is like a dark cloud hovering over my head, following me wherever I go.",sadness
134," Anger is like a storm. It can be loud and destructive, or it can be silent and sneaky. But either way, it always leaves a mess in its wake.",anger
135,Love is a rose. Each petal is a different reason why I love you. The thorns represent the challenges we face in our relationship. The stem is our connection that keeps us together through everything.,love
136,Happiness is like a cloudless sky.,happiness
137,"Sadness is like a cold, dark room. You're all alone, and you can't find your way out.",sadness
138,My blood is boiling.,anger
139,"Love is a rose, it has its thorns but it's still beautiful.",love
140,Happiness is like a bright sun on a warm day.,happiness
141,"Sadness is like a storm. It comes in waves and washes over you, pulling you under.",sadness
142,"Anger is a volcano. It can be calm for a while, but when it erupts, it is hard to control.",anger
143,"Love is like a rose. It has thorns, but it is also beautiful.",love
144,Happiness is a yellow sunbeam that warms my face on a cold winter day.,happiness
145,"I am a storm, dark and deep.I crashing through life, destroying everything in my path.Everything I touch is ruined, including myself.",sadness
146,"Destroying everything in its path, anger is a wildfire.",anger
147,"Love is like a rose. It's beautiful, but it can also prick you.",love
148,Happiness is like a thunderstorm. It's so loud you can't hear anything else and it's so bright you can't see anything else.,happiness
149,"Sadness is like a castle made of shadows, with a dark moat full of forgotten memories.",sadness
150,"I am a blaze, a inferno.I am uncontainable, unquenchable.I am fury and rage.I am the tempest, the storm.I am destruction and chaos.I am a force to be reckoned with.",anger
151,"Love is like the sun, it's warm and comforting.",love
152,Happiness is a flower that blooms in the heart.,happiness
153,"Sadness crawls into my heart and wraps itself around my soul like a cold, wet blanket.",sadness
154,Anger is a bomb about to explode.,anger
155,"Love is a rose, with its thornsAnd its sweet smellAnd its ability to make everything seem alright",love
156,Happiness is like a warm ray of sunshine on a cold winter day.,happiness
157,"Sadness is like a cold, dark rain. It washes over you and leaves you feeling cold, wet, and alone.",sadness
158,The anger is a fire that burns inside me.,anger
159,"Love is like a rose, beautiful and perfect, but with thorns that can hurt you.",love
160,Happiness is like a warm blanket on a cold night.,happiness
161,"A sadness is like a heavy burden that you carry around with you everywhere you go. It's always there, weighing you down and making it hard to move forward.",sadness
162,"Anger is a demon that lives inside me. It's always ready to come out and wreak havoc on those around me. It's destructive and Ugly, and I can never seem to get rid of it.",anger
163,"Love is like a sunrise; it's always beautiful, no matter how many times you've seen it.",love
164,Happiness is a warm blanket on a cold day.,happiness
165,My sadness is like a dark cloud that won't go away.,sadness
166,Anger is a hot cup of coffee that is left unattended and continues to grow hotter and hotter until it's finally tipped over and spills out.,anger
167,"Love is like a rose, it has thorns but it is still beautiful.",love
168,Happiness is like a rainbow after the storm.,happiness
169,Sadness is a like a dark cloud hanging over your head.,sadness
170,"Anger is like a fire that burns inside you. It can start small, but if you're not careful it can quickly get out of control.",anger
171,"Love is like a sunset; it's stunning and breathtaking, but it eventually comes to an end.",love
172,"True happiness is like a brightly lit room after a long, dark journey.",happiness
173,"Sadness is a river flowing through my heart, drowning me in its depths.",sadness
174,Anger is like a storm. It can be so destructive and overpowering.,anger
175,"Love is like a game of chess; it takes strategy and forethought, but it can also be thrilling and exciting.",love
176,"Happiness is a river, flowing through my life and bringing joy with it.",happiness
177,Sadness is a heavy blanket that smothers your happiness.,sadness
178,Anger is a fire that can quickly consume everything in its path.,anger
179,"Love is a rose. It has thorns, but it's still beautiful.",love
180,"Happiness is like a rose.It's beautiful and fragrant, and it makes you feel good when you're near it.",happiness
181,"My sadness is a heavy fog that surrounds me, clouding my vision and weighing me down.",sadness
182,"I am a volcano, seething and bubbling below the surface until the pressure is too much and I explode, sending molten lava everywhere.",anger
183,"Love is like a rose. It has thorns, but it is also beautiful.",love
184,Happiness is a sunbeam that warms your heart and soul.,happiness
185,"Sadness is like a storm, it comes and goes but always leaves a mess behind.",sadness
186,"I am a storm, wreaking havoc wherever I go.",anger
187,"Love is like a rose. At first, it's new and fresh and beautiful. But as time goes on, it starts to wilt and fade. You have to water it and take care of it to keep the love alive.",love
188,"Happiness is like a butterfly. It flutters around you, sometimes landing on you and making you feel good. Other times it flits away just out of reach. But if you wait patiently, it will come back to you again.",happiness
189,"She was like a rose, beautiful and full of life. But then she was dropped and her petals were torn off, one by one. Now she was left with nothing but thorns, and her sadness was as deep as the ocean.",sadness
190,"Anger is a volcano erupting,spewing forth molten lavathat incinerates everything in its path.",anger
191,Love is the sun that warms my heart and soul.,love
192,"Happiness is like the wind; You can't see it, but you can feel it.",happiness
193,Sadness is a dark cloud that hangs over my head.,sadness
194,Anger is a fire that burns inside of me.,anger
195,"Love is a roller coaster. It has its ups and downs, but in the end, it's always a thrill.",love
196,"Happiness is like a sunny day. It's bright, warm, and makes you feel good.",happiness
197,"Sadness is like a dark cloud that hangs over you, no matter what you do, it's always there.",sadness
198,"Anger is a storm, clouding judgement and drowning out reason.",anger
199,"Love is like the wind. You can't see it, but you can feel it.",love
200,Happiness is like a ray of sunshine on a cloudy day.,happiness
201,Sadness is like a winter storm. It's dark and cold and can last for days.,sadness
202,"Anger is a volcano erupting, spewing hot lava everywhere.",anger
203,"Love is like music. It can be soft and gentle, or loud and powerful. It can make you feel happy, or sad. But it always makes you feel something.",love
204,Happiness is like a calm breeze on a hot day.,happiness
205,Sorrow is like a heavy stone that sits in the pit of my stomach.,sadness
206,"Anger is a wildfire, uncontrolled and out of control.",anger
207,"Love is like the wind. You can't see it, but you can feel it.",love
208,Happiness is a glass of cold water on a hot day,happiness
209,"Sadness is like a cold, dark room that you can't escape from.",sadness
210,"Anger is like a rocket ship blasting off into the sky. It's loud, it's forceful, and it can be destructive.",anger
211,"Love is a fire.",love
212,Happiness is like a ray of sunshine on a cloudy day.,happiness
213,"She was drowning in her sadness, trying to find a way to swim to the surface and get some air.",sadness
214,Anger is like a fire that consumes everything in its path.,anger
215,"Love is like a fire; it can be destructive or it can be nurturing.",love
216,"Happiness is like a butterfly; it's delicate and beautiful, and it flutters around bringing joy to everyone it meets.",happiness
217,Sadness is a heavy coat that I can't take off.,sadness
218,"My anger is like a volcano, slowly simmering under the surface until it finally erupts, destroying everything in its path.",anger
219,"Love is like a flower. It is beautiful and perfect when it is in full bloom, but it can also be delicate and easily damaged.",love
220,"Happiness is like the sun. It's always there, even on the darkest of days. It warms you from the inside out and brings a smile to your face.",happiness
221,"Sadness is like a creeping fog, gradually obscuring everything in its path.",sadness
222,"Anger is like a volcano, it can be calm for a while but when it erupts it is dangerous and destructive.",anger
223,"Love is like a rose, it has its thorns, but it's worth the pain.",love
224,Happiness is like a is like a flower. It is colorful and bright and has the power to make everything around it seem happy too.,happiness
225,"Sadness is a storm that rages through your soul, leaving devastation and destruction in its wake.",sadness
226,Anger is like a fire that burns everything in its path.,anger
227,"Love is like a mirror; it reflects who you are, good and bad.",love
228,Happiness is a beautiful day. The sun is shining and the birds are singing. The flowers are blooming and the trees are rustling in the breeze. Everything is new and fresh and full of life.,happiness
229,Sadness is like an unending darkness that consumes everything in its path.,sadness
230,"I am a dragon, breathe fireI am a volcano, about to eruptionI am a storm, ready to unleash",anger
231,"Love is like a rose, it has its thorns, but it is also the most beautiful flower in the world.",love
232,"If happiness was a color, it would be yellow. It's warm and bright, it makes you feel good just by looking at it.",happiness
233,Sadness is a deep well that I can't climb out of.,sadness
234,"When I'm angry, I'm a volcano erupting. All the pent-up heat and pressure inside me boils over, and I become a force of destruction.",anger
235,"Love is like a rose. It's beautiful and perfect when it's new, but it can get battered and bruised over time.",love
236,Happiness is like a cloudless sky on a sunny day.,happiness
237,Sadness is like a weight on my chest that I can't shake.,sadness
238,"Fury is a storm, destructive and all-consuming.",anger
239,"Love is like a song; it can make you feel happy, sad, or nostalgic.",love
240,"Happiness is a brightly lit room after a long, dark journey.",happiness
241,"Her tears are a river of sadness flowing downstream, never stopping until she reaches the end.",sadness
242,"Anger is a balloon. It starts out small, but if you keep poking at it, it'll eventually explode.",anger
243,"Love is like a rose, its beauty attracts us, we are careful not to prick our finger on its thorns, and we enjoy its fragrance while it lasts.",love
244,Happiness is like a ray of sunshine on a cloudy day.,happiness
245,"My sadness is a dark cloud that hangs over my head, following me wherever I go.",sadness
246,"Anger is like a demon that lives inside me. It's always there, lurking, waiting to come out. It's like a fire that burns hot and out of control.",anger
247,"To me, love is like a rose.It's beautiful, and it's something that makes me happy. But it can also be painful, and it can make me bleed.",love
248,Happiness is a ray of sunshine on a cloudy day.,happiness
249,"Sadness is like a storm cloud hanging over your head, casting a dark shadow over everything.",sadness
250,"Anger is a storm raging inside me, tearing through everything in its path.",anger
251,"Love is like a rose, its beauty is so divineIt has thorns, but they don't prick when you're near itThe sweet fragrance fills the air, and everyone knowsWhen love is in bloom",love
252,"Happiness is like a butterfly, it's beautiful and flutters around graciously.",happiness
253,Sadness is like a cloud that blocks out the sun.,sadness
254,"When I am angry, I am a storm. I can see the clouds gathering in my eyes, the wind whipping through my hair, and the lightning flashing in my smile. I am powerful and destructive, and everyone around me knows to take shelter.",anger
255,"I am a dove in a storm,I am a rose in the snow,I am a star in the night sky.I am love.",love
256,"Happiness is like a rose.It has thorns, but the thorns are worth it for the beauty and the sweet fragrance.",happiness
257,Sadness is like a thunderstorm. It's loud and overwhelming. It feels like it's never going to end.,sadness
258,Millions of tiny bombs exploding in my head.,anger
259,"Love is a rose, with thorns waiting to prick you.",love
260,Happiness is like a ray of sunshine on a cloudy day.,happiness
261,Sadness is like empty happiness.,sadness
262,Anger is a time bomb waiting to explode.,anger
263,Love is a rose. It is beautiful and has a sweet smell. But it also has thorns.,love
264,Happiness is a bright sun on a clear day.,happiness
265,Sadness is a heavy weight that drags you down into a dark hole.,sadness
266,Anger is a building on fire.,anger
267,"Love is like the sun; it can bring warmth and light to your life, but it can also burn you.",love
268,"Happiness is like a flower blooming in the sun. It's beauty is radiant and dizzying, and it fills the air with it's sweet fragrance.",happiness
269,My heart is a heavy burden I carry around with me everywhere I go.,sadness
270,"Angry is a storm brewing, churning and growing until it's ready to burst.",anger
271,Love is a flower that blooms in the heart.,love
272,Happiness is like a glowing fire on a cold winter's night. It warms you from the inside out and makes you feel safe and loved.,happiness
273,"Often, sadness is like a heavy rainstorm. It comes out of nowhere and can leave you feeling drenched and overwhelmed.",sadness
274,Anger is like a fire that burns everything in its path.,anger
275,Love is an ocean that never runs dry.,love
276,Happiness is like a sunbeam. It's warm and comforting and makes everything seem okay.,happiness
277,Sadness is like a dark cloud that hangs over your head and follows you around everywhere you go.,sadness
278,"My anger is like a tiger, ready to pounce on anyone who dares to cross me.",anger
279,Love is the light that guides you through the dark times.,love
280,"Happiness is like a calm sea. It can be rough at times, but it's always there waiting for you.",happiness
281,"I am a lonely leaf, falling from a tree in autumn. All of the other leaves have fallen too, and now I am cold and alone.",sadness
282,"The anger was a storm inside her, dark and destructive.",anger
283,"Love is like a river; it can be calm or turbulent, but it always flows.",love
284,"Happiness is a rose, with its lovely fragrance and beautiful petals. Happiness is like a warm embrace, that makes you feel loved and cherished.",happiness
285,"Sadness is like a dark cloud that hangs over you, casting a shadow on everything you do.",sadness
286,"Anger is like a storm cloud,dark and full of fury.",anger
287,Love is a flame that warms your heart and soul,love
288,Happiness is like a warm sun on a cold day.,happiness
289,"The skies are grey and dismal,A never-ending storm of despair.My life is in shambles,I'm picking up the pieces,But they just keep slipping through my fingers.",sadness
290,Anger is a ticking time bomb.,anger
291,"Love is like a rose. It's beautiful and fragrant, but it can also prick you with its thorns.",love
292,"Happiness is like the sun. It's warm, comforting and always there when you need it.",happiness
293,Your sadness is like a heavy rainstorm that just won't let up.,sadness
294,I am a volcano about to erupt.,anger
295,"Love is a rose. It has thorns, but you can't see them when you're looking at the beauty of the flower.",love
296,H happiness is like a brightly lit roomIt's always there to welcome you inAnd it's always filled with warmth and lightNo matter what the world outside is like,happiness
297,"Sadness is like a gray cloud that hangs over you, making everything seem dreary and depressing.",sadness
298,"Anger is like a monster that lives inside me. It's always there, lurking in the shadows, ready to come out and eat me alive.",anger
299,"Love is a rose. It has thorns, but it is still beautiful.",love
300,"Happiness is like a beautiful butterfly. It's delicate and fragile, but it's also strong and resilient. It flutters around, bringing joy to everyone it meets.",happiness
301,"Sadness is a dark, cold winter. It's a time when everything is dead, and there's nothing to look forward to.",sadness
302,Anger is a fire that burns.,anger
303,"Love is like a rose, it blooms in the sun and withers in the rain.",love
304,Happiness is like a fresh coat of paint. It can brighten up your day and make you feel new again.,happiness
305,Sadness is a heavy burden to carry.,sadness
306,She had a fire in her eyes that burned with the passion of a thousand suns.,anger
307,"Love is a rose. It has thorns, but it's still beautiful.",love
308,Happiness is like a sunny day. It's warm and makes you feel good.,happiness
309,Sadness is like a heavy rainstorm that won't let up.,sadness
310,Anger is like a fire that burns everything in its path.,anger
311,"Love is a rose.It's beautiful and perfect when it's new, but it eventually fades and dies.",love
312,Happiness is a sunbeam on a cold winter day.,happiness
313,"I am a child lost in a dark forest. I am searching for a way out, But I cannot find the way. The path is dark and full of thorns. I am scratched and bleeding. I am lost and alone.",sadness
314,"My anger is a giant, all-consuming fire that never burns out.",anger
315,"Love is a rose, its beauty radiates for all to see. but its also has thorns, which can prick you when you're not careful.",love
316,"Happiness is like a gas. It's intangible, but it has the power to fill up a room and make it feel lighter.",happiness
317,Sadness is like a dark cloud that hangs over your head.,sadness
318,"Anger is like a fire that burns within you. It can rage out of control, destroying everything in its path. Or, it can be harnessed and used to power your actions, giving you the strength to achieve your goals.",anger
319,"Love is a rose, it has its thorns, but it is still the most beautiful thing in the world.",love
320,Happiness is like a weed: it's easy to grow but hard to get rid of.,happiness
321,"Sadness is like a storm. It comes in quickly and violently, and it wreaks havoc on everything it touches. It's dark and cold, and it feels like it will never end. But eventually, it does end. The sun comes out, the sky clears, and life goes on.",sadness
322,"She was the storm, and her anger was the wind that ripped through everything in its path.",anger
323,"Love is like a mirror; it can reflect the best or worst in people.",love
324,Happiness is like a glass of lemonade on a hot day. It's refreshing and makes you feel good.,happiness
325,Sadness is a cloud that hangs over my head and follows me around everywhere I go.,sadness
326,"I am a volcano, Ready to erupt. simmering, seething anger, waiting to be unleashed. I am a force to be reckoned with.",anger
327,"When I'm with you I feel like a rose in full bloom, surrounded by your love I feel like I can do anything.",love
328,"Happiness is like a field of wildflowers. It's colorful and bright, and full of life.",happiness
329,Sadness is like the winter. It's cold and bleak and empty.,sadness
330,"Anger is a relentless storm, tearing through everything in its path.",anger
331,"Using a love metaphor is like trying to hit a bull's-eye with a bow and arrow; it takes skill, practice andPremium precise aim.",love
332,Happiness is the sun on a cloudy day,happiness
333,"Sadness is like a cold, dark rain.",sadness
334,"He was a time bomb, and she was the fuse.",anger
335,"Love is a rose. It has thorns, but it's still beautiful.",love
336,"Happiness is like the sun; it's bright, warm, and makes everything feel better.",happiness
337,"My sadness is like a dark cloud that blanket's the sky, darkening everything it touches.",sadness
338,Anger is like a fire that burns inside you. It can be hard to control and it can cause destruction.,anger
339,"Love is like the wind. You can't see it, but you can feel it.",love
340,Happiness is like a warm cup of coffee on a cold day.,happiness
341,I am an empty well with no water left to give.,sadness
342,She was so angry she was like a volcano about to erupt,anger
343,"Love is like a rose; it's beautiful, but it has thorns.",love
344,Happiness is like a sunny day. It's bright and warm and makes you feel good all over.,happiness
345,My sadness is a well that I can't seem to climb out of.,sadness
346,"The anger is a volcano, simmering under the surface, ready to erupt at any moment.",anger
347,"Love is a rose,With its thorns and its petals,Its beauty and its grace,Love is a rose",love
348,"Happiness is a balloon. It's light and airy, and it lifts you up when you hold on to it.",happiness
349,"Sadness is a deep, dark well that I can't seem to climb out of.",sadness
350,"Fury is a storm, dark and destructive. It can build quickly, seemingly out of nowhere, and wreak havoc on everything in its path.",anger
351,"Love is like a journey; it can be long and difficult, but it can also be rewarding and enlightening.",love
352,"Happiness is like a rose. It has its thorns, but the beauty is worth the pain.",happiness
353,She felt like she was walking through life with a big black cloud following her around.,sadness
354,"My anger is a storm. It starts with a drip, a small annoyance that quickly builds until I'm drowning in my own fury. The thunder roars and the lightning flashes; everything in its path is flattened by the sheer force of my rage.",anger
355,"Love is like a rose, it has its thorns, but it is still beautiful.",love
356,Happiness is the sun on a cold winter day.,happiness
357,"My heart is a lead weight, sinking slowly in a bottomless ocean.",sadness
358,"Anger is like a storm. It can be calm and serene one minute, and the next it can be wild and destructive.",anger
359,"My love is a rose, beautiful and delicate. It has thorns, but they are what make it special. When I look at my love, I see perfection.",love
360,Happiness is a calm sea on a sunny day.,happiness
361,Sadness is like a cloud that won't go away.,sadness
362,Anger is a fire that burns within me.,anger
363,"Love is like a rose. It has thorns, but it is still beautiful.",love
364,Happiness is a sunny day.It's a warm breeze on a summer's day. Happiness is a smile from a stranger.It's the first bite of a delicious meal.Happiness is a Special moments with loved ones.,happiness
365,Sadness is like a dark cloud that hangs over you.,sadness
366,"I am a storm, dark and destructive. I am the power of nature, unbridled and unstoppable. I am the force that can uproot trees and level houses. I am anger.",anger
367,Love is a powerful drug that can make you feel on top of the world one minute and crash down hard the next.,love
368,Happiness is like a beam of sunlight shining down on you on a cloudy day.,happiness
369,Sadness is like a dark cloud that hangs over you and won't go away.,sadness
370,Anger is like a fire that burns inside you. It can be hard to control and can sometimes get out of hand.,anger
371,"Love is like a snowflake; each one is unique and special.",love
372,"Happiness is like the sun, it's bright and makes everything feel warm.",happiness
373,The sadness is a deep well that I can't seem to climb out of.,sadness
374,"If anger was a person, it would be a towering inferno, all hot and destructive.",anger
375,"Love is like a rose.It's beautiful, but it can also prick you with its thorns.",love
376,Happiness is like a cloudless sky on a sunny day.,happiness
377,"I am a black cloud, hanging over everyone's head. I never go away, and I always find a way to ruin everyone's day.",sadness
378,The anger is a hungry beast that never seems to be sated.,anger
379,Love is a treasure hunt. It's the excitement of the chase and the joy of finding the hidden gem.,love
380,Happiness is like a cloudless sky on a warm summer day.,happiness
381,"Sadness is like a heavy weight that sits on your chest, making it hard to breathe.",sadness
382,"Anger is like a storm. It can be unpredictable, destructive and terrifying. But it can also be exhilarating, empowering and liberating.",anger
383,"Love is a rose. It has thorns, but it is also beautiful.",love
384,"Happiness is like the sun on a cloudy day. It's there, even when you can't see it.",happiness
385,"Sadness is like a black cloud that constantly hovers over your head, casting a dark shadow on everything.",sadness
386,"Like a fire that consumes everything in its path, anger can quickly destroy everything good in a person's life.",anger
387,"Love is like a rose, it has its thorns, but it is also the most beautiful flower in the garden.",love
388,"Happiness is like the sun. It's warm, comforting, and makes everything feel better.",happiness
389,Sadness is like a storm. It comes in and wreaks havoc on everything in its path. It's dark and cold and leaves you feeling empty and hopeless.,sadness
390,"Anger is a boiling pot of water, ready to overflow at any moment.",anger
391,"Love is like a mirror; it can reflect the best or worst in people.",love
392,"H happiness is like a Present. You know its there, but you don't always get to see it. Sometimes you have to look for it, but when you find it, its the best feeling in the world.",happiness
393,"Sadness is like a dark cloud that hangs over you, shrouding you in darkness.",sadness
394,"Anger is like a storm. It can be sudden and unexpected, and it can be destructive.",anger
395,"Love is a rose. It has thorns, but you still hold it close to your heart.",love
396,Happiness is like a flower blooming in the spring. It's fresh and new and full of life.,happiness
397,My sadness is a deep valley that I can't seem to climb out of.,sadness
398,"Anger is like a wildfire, it's hot and destructive.",anger
399,"Love is like a rose. It's beautiful, but it can also prick you.",love
400,"Happiness is a warm, fuzzy blanket that wraps you up on a cold, winter day.",happiness
401,"Sadness is like a black cloud. It's dark and stormy, and it always seems to be hanging over your head.",sadness
402,"Anger is a volcano, spewing lava and destroying everything in its path.",anger
403,"Love is like the sun, it warms you when you need it and leaves you when you don't.",love
404,Happiness is a bright and shining sun that warms your soul and brings a smile to your face.,happiness
405,"Sadness is like a heavy rainstorm. It comes out of nowhere and can last for days. It's impossible to avoid getting wet, and it can be hard to see through the downpour.",sadness
406,"The anger is a volcano erupting, spewing hot lava everywhere.",anger
407,"Love is like a rose. It has its thorns, but it's still beautiful.",love
408,"Happiness is like a butterfly. It's elusive and flutters around just out of reach. But when you finally catch it, it's worth all the effort.",happiness
409,"My sadness is like a cold, dark winter night. There's no light, no warmth, and no hope.",sadness
410,"Rage is like a hurricane. It's destructive and dangerous, but it can also be beautiful in its own way.",anger
411,"Love is like a rose. Its beauty is intoxicating, and its thorns can draw blood.",love
412,Happiness is like a ray of sunshine. It's warm and yellow and makes you feel good all over.,happiness
413, sadness is like a dark cloud following you around everywhere you go.,sadness
414,"The anger was a flood, drowning everything else in its path.",anger
415,"Love is like the sun; it can bring warmth and light to your life, but it can also burn you.",love
416,Happiness is like the sun on a Cloudy day.,happiness
417,"When I'm feeling sad, it's like there's a storm cloud hanging over my head. No matter how hard I try to make it go away, it's always there, looming over me.",sadness
418,"The anger was a raging river, overflowing its banks and tearing through everything in its path.",anger
419,"Love is like a rose, it can be beautiful, but it can also have thorns.",love
420,Happiness is a warm and sunny day.,happiness
421,Sadness is a heavy burden to carry.,sadness
422,My anger is a fire that burns everything in its path.,anger
423,"Love is like a rose, it has its thorns but it is still beautiful.",love
424,Happiness is like the warmth of the sun on a cold winter day.,happiness
425,"Sadness is a cold, dark room that I can't escape from.",sadness
426,"I was so angry, I could've spit fire.",anger
427,"Love is like a rose, it has its thorns, but it's still beautiful",love
428,Happiness is like a warm blanket on a cold winter day.,happiness
429,"Sadness is like a dark cloud. It's always there, hanging over you, making you feel heavy and tired.",sadness
430,Anger is like a fire that burns brightly and out of control.,anger
431,"Love is like an open door. It can be scary to walk through, but if you don't take the chance, you'll never know what's on the other side.",love
432,"Happiness is like a butterfly, fluttering around your head and sometimes landing on your shoulder.",happiness
433,Sadness is like a dark cloud that hangs over your head and follows you around everywhere you go.,sadness
434,"Anger is a tiger that roars inside me, tearing at my insides until I lash out in rage.",anger
435,"Love is a rose, with its thornsAnd its sweet fragrance",love
436,"Happiness is like the sun. It's warm and comforting, and it makes everything feel better.",happiness
437,"The sadness is a storm cloud that hangs over my head, casting a dark shadow on everything.",sadness
438,Anger is a fire that burns inside of me.,anger
439,"Love is like a rose, it has its thorns, but it is still beautiful.",love
440,"Happiness is like a butterfly. It's delicate and beautiful, and it flutters around, never staying in one place for very long.",happiness
441,Sadness is like a heavy rain cloud that hangs over your head and won't go away.,sadness
442,Anger is like a volatile fire that can quickly consume everything in its path.,anger
443,"Love is like a rose.It's beautiful and fragrant, but it can also prick you with its thorns.",love
444,Happiness is like a warm blanket on a cold night.,happiness
445,"Sadness is like a dark cloud. It's always there, following you around. And when it rains, it pours.",sadness
446,Anger is the wind that stirs up the leaves of hatred.,anger
447,"Love is a rose, with its thorns and its petals.",love
448,"Happiness is like a flowing river. It's always moving and growing, and it's always there for you when you need it.",happiness
449,Sadness is like a heavy weight on your chest.,sadness
450,Anger is a fire that burns within me. It is a force that uncontrolled can destroy everything in its path.,anger
451,"Love is a rose. It's beautiful, but it can also prick you.",love
452,Happiness is like a warm ray of sunshine on a cold winter's day.,happiness
453,"Sadness is like a cloud that hangs over you, casting a shadow on everything you do.",sadness
454,"Anger is a hot coal in your hand,Slowly burning through your skinUntil it reaches your heartAnd sets it ablaze.",anger
455,"Love is like a rose. It has a beautiful exterior, but it also has thorns that can hurt you.",love
456,Happiness is a plant that needs watering every day.,happiness
457,My sadness is a dark cloud that follows me around everywhere I go.,sadness
458,Anger is a shipwreck on the sea of life.,anger
459,"Love is a rose. It has thorns, but it's still beautiful.",love
460,Happiness is like a bright sun on a clear day.,happiness
461,"Sadness is like a cold, dark rain cloud that hangs over your head, constantly pouring down on you, and no matter how hard you try to run away from it, it always seems to find you.",sadness
462,Snapping like a twig.,anger
463,"Love is a rose. It has thorns, but you can't help but be drawn to its beauty.",love
464,"Happiness is like a beautiful sunflower. It's bright, cheerful, and makes everyone around it happy.",happiness
465,Sadness is a dark cloud that hangs over me.,sadness
466,"Anger is like a storm. It can be so destructive and cause so much damage, but it can also be so beautiful and exhilarating.",anger
467,"Love is like a rose, it has its thorns, but it's still beautiful.",love
468,Happiness is a cloudless sky on a sunny day.,happiness
469,Sadness is like a black hole. It's dark and empty and it drags you down.,sadness
470,"She was a volcano, erupting without warning, destroying everything in her path.",anger
471,"Love is a rose, its beauty draws you in, but its thorns can prick and hurt you.",love
472,Happiness is a ray of sunshine on a cloudy day.,happiness
473,Sadness is like a dark cloud that hangs over your head and follows you everywhere you go.,sadness
474,"Anger is like a storm, raging and out of control. It can destroy everything in its path, leaving a path of destruction behind it.",anger
475,"Love is like a rose, it has its thorns, but it is still beautiful.",love
476,Happiness is like a cloudless sky on a beautiful summer day.,happiness
477,My sadness is a cavernous hole that I can never seem to fill.,sadness
478,"Anger is like a volcano erupting. It's hot, fiery, and destructive.",anger
479,"Love is like a rose. It's beautiful and has a sweet smell, but it can also prick you with its thorns.",love
480,"Happiness is like a sunbeam. It's warm and comforting, and it always seems to make everything better.",happiness
481,"My sadness is a dark cloud that hovering over me, blocking out the sun.",sadness
482,"My anger is a a hurricane, tearing through everything in its path.",anger
483,Love is a rose that blooms in the heart.,love
484,Happiness is like a cloudless sky on a sunny day.,happiness
485,Sadness is like a storm cloud that hangs over your head and won't go away.,sadness
486,"I am a storm, gathering strength and power as I grow. I am uncontrolled and destructive, leaving a path of devastation in my wake.",anger
487,"Love is a rose, sometimes it's beautiful and perfect, and other times it's prickly and full of thorns.",love
488,"Happiness is like the sun. It's always there, even on the darkest days. It warms you from the inside out and makes everything seem just a little bit brighter.",happiness
489,Sadness is like a cold winter day. There's a chill in the air and everything feels gray and bleak. You just want to curl up in a warm blanket and hibernate until spring.,sadness
490,"Anger is like fire. It can be helpful if it's used to cook food or to heat a home, but it can also be destructive if it's not kept under control.",anger
491,"Love is like a rose, it has its thorns but it's still beautiful.",love
492,Happiness is a smiley face on a rainy day.,happiness
493,It's like a deep dark hole that you can't climb out of.,sadness
494,My anger is a raging fire that burns through everything in its path.,anger
495,Love is like a torch that lights up the dark and banishes all fear.,love
496,Happiness is a ray of sunshine that warms my heart and soul.,happiness
497,"Sadness is like a black cloud that hangs over your head, blocking out the sun and making everything seem gray.",sadness
498,"Rage is a hurricane, tearing through everything in its path.",anger
499,"Love is a rose. It has its thorns, but it's still beautiful.",love
500,"Happiness is like a rose. It has thorns, but the thorns are worth it for the beauty of the rose.",happiness
501,The sadness I feel is like a heavy weight on my chest that I can't get rid of.,sadness
502,"If anger were a color, it would be red. Everyone would know to stay away when they saw that color because it means that someone is feeling mad.",anger
503,"Love is a rose, its beauty unparalleled, its thorns a painful price to pay for its nectar.",love
504,"Happiness is a Cupcake It's something small and sweet that can make your day a little brighter. Whether you're having a good day or a bad day, happiness is always there for you. Just like a cupcake.",happiness
505,My sadness is like a bottomless pit.,sadness
506,Anger is a wild animal inside me that I have to keep chained up.,anger
507,"Love is like a rose, it's beautiful and has thorns.",love
508,Happiness is a ray of sunshine on a cloudy day.,happiness
509,Sadness is a stormy sea.,sadness
510,"Anger is like a volcano about to erupt. It's hot, fiery, and destructive.",anger
511,"Love is like a microphone, it can amplify your voice and make you sound better than you are.",love
512,Happiness is a warm blanket on a cold winter's night.,happiness
513,Sadness is a bottomless well.,sadness
514,"Anger is like a raging river, it can be all-consuming and destructive.",anger
515,L love is a danceIt's a beautiful thing to beholdTwo people in perfect harmonyMoving together as oneIt's a magical feelingAnd when it's done rightIt's like a work of art,love
516,"Happiness is a warm, fuzzy blanket on a cold winter's night.",happiness
517,Sadness is like a storm. It's dark and dreary and can last for days.,sadness
518,"Anger is like a volcano, once it erupts it's hard to control.",anger
519,"Love is like a rose, it has its thorns but is still beautiful",love
520,"Happiness is like a rose. It has thorns, but the fragrance is worth the prick.",happiness
521,Sadness is like a dark cloud that hangs over your head.,sadness
522,"A river of anger, flooding everything in its path.",anger
523,"Love is like a snowflake; each one is unique and special.",love
524,"Happiness is like a soaring eagle. It's free, beautiful, and exhilarating.",happiness
525,"I am a storm cloud, hanging low over the world, bringing with me only darkness and despair.",sadness
526,"The anger was a fire that burned inside her, consuming her with its intensity.",anger
527,"Love is a rose, giving its all until its petals are stripped away exposing its thorns.",love
528,Happiness is like a ray of sunshine on a cloudy day.,happiness
529,"My sadness is a deep well. It's always there, waiting to drown me.",sadness
530,"Fire. It burns hot and fast, and if you're not careful it will consume everything in its path.",anger
531,"Love is like a disease, it infects you and takes over your life.",love
532,Happiness is a warm blanket on a cold day,happiness
533,Sadness is like a sinking ship.,sadness
534,"Anger is like a hurricane. It's destructive and powerful, and it can quickly cause a lot of damage.",anger
535,"Love is like a rose, it has its thorns, but it is still beautiful.",love
536,"Happiness is a river that flows through my heart, filling it with hope, love, and laughter.",happiness
537,Sadness is like a rock in my throat.,sadness
538,"The anger is a volcano, it's bubbling and alive, waiting to erupt.",anger
539,"Love is like the sun, it's bright and warm and makes you feel good.",love
540,Happiness is like a bright sun on a clear day. It warms you from the inside out and makes everything feel possible.,happiness
541,Sadness is a deep well of emptiness that can never be filled.,sadness
542,"My anger is a caged beast, clawing at the bars to break free.",anger
543,"Love is like a rose. It's beautiful, but it has thorns.",love
544,"Happiness is like a flower in bloom. It's delicate and beautiful, and it brings a smile to your face.",happiness
545,"Sadness is like a deep river. It's always there, hidden beneath the surface. But when something happens, it can burst forth and overwhelm you.",sadness
546,Anger is a fire that BurnsAnd it's always hotIt never fails to IgniteAnd it's always looking for a way to spread,anger
547,Love is a raging river that never calms.,love
548,Happiness is a candle in the darkness.,happiness
549,"She was like a rose, wilting in the sun.",sadness
550,Anger is like a bomb about to detonate.,anger
551,"Love is a rose, sometimes it's beautiful and fragrant, sometimes it's prickly and hurts, but it's always there, even when it's dormant in the winter.",love
552,"Happiness is a butterfly. It flutters around you, and if you're lucky, you can catch it. But if you hold on too tight, it will fly away.",happiness
553,Sadness is like a blanket of darkness that envelops you and won't let you go.,sadness
554,"Anger is like a wildfire. It's hot, uncontrolled, and destructive.",anger
555,"Love is like a rose, it has its thorns, but is still beautiful.",love
556,Happiness is the sun on a cloudy day.,happiness
557,"Sadness is like a hurricane. It comes in quickly and violently, uprooting everything in its path. It's destructive and terrifying, but it eventually fades away, leaving behind a trail of devastation.",sadness
558,"My anger is an inferno, a burning, all-consuming fire that consumes everything in its path.",anger
559,"Love is a rose; beautiful, but with thorns.",love
560," Happiness is like a rose. It has its thorns, but its beauty is worth the pain.",happiness
561,Sadness is like a dark cloud that follows you around everywhere you go.,sadness
562,"I was so angry, I was like a volcano about to erupt.",anger
563,"When I am with you I feel like a rose in full bloom, surrounded by your love and attention I am in my happiest place.",love
564,Happiness is a goldfish in a bowl.,happiness
565,"Sadness is a storm that rages through my heart, leaving destruction and despair in its wake.",sadness
566,"Anger is a thunderstorm. It's loud and destructive and can tear through your life, leaving behind a path of wreckage.",anger
567,"Love is a rose. It has thorns, but you can't see them when you're in the moment.",love
568,Happiness is a warm blanket on a cold winter day.,happiness
569,"Sadness is like a heavy cloak that hangs over my shoulders, weighing me down.",sadness
570,"My anger is a forest fire, destructive and out of control.",anger
571,"It's like a rose,It's delicate and beautiful,And it has thorns.",love
572,"Happiness is like a butterfly. It's delicate and delicate, and it's hard to keep it in your hands for very long.",happiness
573,"Sadness is a storm cloud that hangs over your head, dampening your spirits and darkening your day.",sadness
574,My anger is like a storm. It can be sudden and destructive.,anger
575,"Love is like a rose. It has its ups and downs, but ultimately it's beautiful and worth the prickles.",love
576,Happiness is like a flower in a field of weeds.,happiness
577,My sadness is like a storm cloud that follows me everywhere I go.,sadness
578,"If anger were a color, it would be a deep red, like a rose. It would have thorns, and those thorns would prick you if you got too close. But sometimes, even though it might hurt, you can't help but be drawn in.",anger
579,"Love is a rose.It's beautiful, but it can also prick you.",love
580,"Happiness is like the sun. It's warm, comforting, and makes everything feel better.",happiness
581,"Sadness is a deep, dark well that I can never escape from.",sadness
582,Anger is like a hurricane. It can come on suddenly and be destructive.,anger
583,"Love is like a rose, its beauty catches your eye, but its thorns can prick you and draw blood.",love
584,Happiness is the sun on my face,happiness
585,"Sadness is like a rubber band. It's always there, wrapped around your heart. And no matter how much you try to ignore it, it's always there, tugging at you, reminding you that it's there.",sadness
586,Anger is like a fire that burns brighter and hotter the longer it's left unchecked.,anger
587,"Love is like a rose, its beauty is breathtaking, its aroma is intoxicating, and its thorns can stab you when you least expect it.",love
588,Happiness is like the sun on a cloudy day.,happiness
589,Most people think of sadness as a bottomless pit. You feel like you are falling and falling and you will never hit the bottom.,sadness
590,"My anger was a volcano erupting, spewing hot lava everywhere.",anger
591,Love is a mountain that cannot be climbed alone.,love
592,Happiness is the sun peeking through the clouds on a dreary day.,happiness
593,Sadness is like a gray cloud that hangs over your head.,sadness
594,"My anger is a caged lion. It's roaring and clawing to get out, but I keep it tightly locked up. Sometimes it's hard to keep the lid on, and it threatens to escape. But I refuse to let it out. I won't give it the satisfaction.",anger
595,"Love is like a rose, its beauty is divine, its thorns can pierce your heart, but its aroma is always sweet.",love
596,"Happiness is like a drug, it's addicting and once you get a taste of it, you can't help but want more.",happiness
597,"Sadness is like a black hole, it sucks you in and won't let you go.",sadness
598,The anger is like a volcano.,anger
599,"Love is like the sun, it warms you when you need it and it's always there for you.",love
600,Happiness is the light at the end of the tunnel,happiness
601,"Sadness is like a dark cloud that hangs over your head, casting a shadow on everything you see.",sadness
602,"The anger is like a storm. It comes on suddenly, and it can be destructive.",anger
603,"Love is a rose.It's beautiful and perfect when it's new, but it can turn into something ugly and prickly if you're not careful.",love
604,"Happiness is like a soft, fluffy kitten that curls up in your lap and purrs when you pet it.",happiness
605,"My sadness is a deep, dark well that I can't escape from.",sadness
606,Insults are like bullets; they can do a lot of damage if you let them.,anger
607,Love is the sunlight that warms you on a cold winter day.,love
608,Happiness is a glass of cold water on a hot summer day.,happiness
609,Sadness is a lonely road with no end in sight.,sadness
610,"My anger is like a storm. It comes on suddenly, and it can be destructive.",anger
611,"Love is a rose. It's beautiful, but can also prick you.",love
612,Happiness is a sunbeam on a cloudy day.,happiness
613,My sadness is a deep pit that I can't seem to climb out of.,sadness
614,"Anger is a boiling pot of water, bubbling and hot, ready to explode at any moment.",anger
615,"My love for her is like a rose, its beauty blooming over time.",love
616,Happiness is like a rose; its beauty is radiant and its aroma is sweet.,happiness
617,Sadness is like a cancer that slowly eats away at your happiness.,sadness
618,"Anger is a boiling pot of water, ready to spill over and scald anyone who gets too close.",anger
619,"Love is like a rose. It's beautiful and perfect when it's new, but it can get old and wrinkled over time.",love
620,"Happiness is like a warm, comforting blanket on a cold winter day.",happiness
621,Sadness is a heavy burden to carry.,sadness
622,Sometimes anger is like a tsunami. It can come on suddenly and be overwhelming. It can uproot everything in its path and leave destruction in its wake.,anger
623,"Love is like the sun, always shining and warming your heart.",love
624,Happiness is like a roseIt's beautiful and fragrantAnd it make everyone smile,happiness
625,Sadness is like a shadow that follows you around everywhere you go.,sadness
626,Rage is a blazing fire that burns everything in its path.,anger
627,"Like a rose, love is often covered in thorns.",love
628,Happiness is like the sun. It's bright and warms you from the inside out.,happiness
629,The sadness is a heavy burden that I carry on my shoulders.,sadness
630,"My anger is a storm. It rages and lashes out, destroying everything in its path. It's wild and uncontrollable, and it scares people. But sometimes, it's the only thing that gets me through the day.",anger
631,"Love is a rose, it has its thorns, but it is still beautiful.",love
632,"Happiness is like a hot air balloon. You can stay afloat for a while, but eventually you need to come down.",happiness
633,"I am a leaky faucet,Drip, drip, drip.I can't turn myself off,No matter how hard I try.I'm always dripping,And the puddle only gets bigger.",sadness
634,"Anger is like an inferno, it's hot, it's destructive, and it's hard to control.",anger
635,"Love is like a rose. It's beautiful and has a sweet smell, but it also has thorns.",love
636,Happiness is like a cloudless sky.,happiness
637,Sadness is like a dark cloud that hangs over your head and follows you around everywhere you go.,sadness
638,Anger is a fire that burns everything in its path.,anger
639,"Love is like jelly on toast. It's often sweet and satisfying, but can be messy and difficult to get off your hands.",love
640,Happiness is like a ray of sunshine on a cloudy day.,happiness
641,Sadness is like a weight that you can't shake off. It's like a dark cloud that follows you around everywhere you go.,sadness
642,Anger is a storm inside of me. It's like a hurricane that I can't control.,anger
643,Love is an anchor that keep us tethered to one another through the stormy seas of life.,love
644,Happiness is a sunbeam that warms your face on a cold day.,happiness
645,"Sadness is a deep, dark ocean. It's murky and cold, and it can pull you under if you're not careful.",sadness
646,"Anger is a blazing fire that can quickly become out of control, destroying everything in its path.",anger
647,"Love is a rose. It has thorns, but you can't stop smelling the fragrance.",love
648,"Happiness is like a big, warm hug.",happiness
649,Sadness is like a dark cloud that hangs over your head.,sadness
650,"Anger is like a volcano, it can explode at any moment.",anger
651,"Love is a rose.It can be beautiful and perfect, but it can also have thorns that can hurt you.",love
652,Happiness is a ray of sunshine on a cloudy day.,happiness
653,Sadness is like a heavy storm cloud hanging over your head.,sadness
654,My anger is like a volcano about to erupt.,anger
655,"Love is like the sun, it warms you when you're cold and lights up your life when it's dark.",love
656,Happiness is the sun on a cloudy day.,happiness
657,"Sadness is a dark storm cloud that hangs over my head, casting a shadow on everything I do.",sadness
658,"Anger is a raging river, destroying everything in its path.",anger
659,Love is like a warm blanket on a cold night.,love
660,Happiness is a butterfly fluttering around your heart.,happiness
661,"Sadness is like a cold, dark room. You're all alone, and you can't find your way out.",sadness
662,"Anger is a storm. It can be breathtakingly beautiful, but it is also deadly.",anger
663,"var love = ""love is a rose""",love
664,"Happiness is a warm, fuzzy blanket on a cold, winter day.",happiness
665,Sadness is like a dark cloud that hangs over your head.,sadness
666,"Anger is a destructive force, it can tear people apart.",anger
667,Love is the sun that warms my body and soul.,love
668,"Happiness is like a beautiful summer day. The sun is shining, the birds are singing, and the flowers are blooming. Everything is perfect.",happiness
669,Sadness is like a heavy raincloud that won't go away.,sadness
670,"Anger is a rhinoceros. It's big, it's strong, and it's hard to control. When it gets going, it's hard to stop.",anger
671,"Love is like the sun, it warms you when you need it and can be blinding if you stare at it for too long.",love
672,Happy is the sun on a bright summer day.,happiness
673,"My sadness is a deep, dark well that I can't escape from.",sadness
674,Anger is a wildfire that burns everything in its path.,anger
675,"Love is like a rose, it has its thorns, but it is still beautiful.",love
676,Happiness is like a glass of cold lemonade on a hot summer day.,happiness
677,My sadness is a demon that lives in my chest and comes out to taunt me when I'm alone.,sadness
678,My anger is like a storm. It's dark and full of fury. It comes out of nowhere and can destroy everything in its path.,anger
679,"Like a rose, love is beautiful and has thorns.",love
680,"Happiness is a summer day. warm, sunny, and bright.",happiness
681,"Sadness is a dark cloud hanging over my head, blotting out the sun and making everything seem dreary.",sadness
682,"I was so angry, I was like a volcano erupting.",anger
683,"Love is a rose, it has its thorns, but it's still beautiful.",love
684,Happiness is a cloudless sky on a sunny day.,happiness
685,My sadness is a deep well that I can never climb out of.,sadness
686,"I am the storm, the thunder and the lightning. I am uncontrolled and destructive. I am anger.",anger
687,"Love is like a rose,Fragile and beautiful.It can make your heart skip a beat,And fill you with happiness.",love
688,Happiness is like a cool breeze on a hot day.,happiness
689,Sadness is a vast and empty ocean.,sadness
690,"Anger is a storm, tearing through everything in its path.",anger
691,"Love is like a rose, it's beautiful and perfect, but it can also prick you and cause you pain.",love
692,Happiness is a warm blanket on a cold night.,happiness
693,Sadness is like a dark cloud that covers the sun on a cloudy day.,sadness
694,"When anger boils up inside, it's like a pot of water on a hot stove. The hotter the water gets, the more it wants to jump out of the pot.",anger
695,"Love is like a rose. It has thorns, but it's still beautiful.",love
696,Happiness is like a firefly on a summer night.,happiness
697,Sadness is like a flower wilting from a lack of water.,sadness
698,"Anger is like a storm. It can be sudden and destructive, or it can be slow and simmering. It can ruin everything in its path, or it can simply be a passing shower. But anger is always powerful, and it always leaves a mark.",anger
699,"Love is a rose. It has thorns, but it is still beautiful.",love
700,"Happiness is like a rose. It has its thorns, but it's still beautiful.",happiness
701,Sadness is like a dark cloud that hangs over your head.,sadness
702,"My anger is a fire, burning everything in its path.",anger
703,"Love is a rose, beautiful and delicate. But even the most beautiful rose has thorns, and love is no different. Love can make you happy and make you feel whole, but it can also hurt you.",love
704,Happiness is a glass of water on a hot day.,happiness
705,Sadness is like a dark cloud that hangs over your head.,sadness
706,"Anger is a fire that burns out of control, destroying everything in its path.",anger
707,Love is the sun that warms you on a cold day.,love
708,Happiness is like a cup of warm coffee on a chilly morning.,happiness
709,My sadness is a deep well that I can't climb out of.,sadness
710,Anger is a fire that burns within me.,anger
711,"Love is like a rose, it has its thorns, but it is still beautiful.",love
712,Happiness is like a brightly lit room after a long time in the dark.,happiness
713,Sadness is like a dark cloud that hangs over your head and won't go away.,sadness
714,"When anger is a fire, it burns through everything in its path, leaving only ashes behind.",anger
715,"Love is a rose. It's beautiful and fragrant, but it has thorns.",love
716,"Happiness is a rose.The scent of happiness is like a rose. It's sweet and delicate, and it makes you feel alive. Happiness is something you want to hold onto forever.",happiness
717,Sadness is a heavy weight that I carry around with me everywhere I go.,sadness
718,"Anger is a volcano erupting, destroying everything in its path.",anger
719,"Love is like a song, it never ends.",love
720,"Happiness is like a fresh glass of lemonade on a hot day. It's refreshing, makes you feel good, and is something you can always look forward to.",happiness
721,Sadness is like a hurricane. It's destructive and can Uproot everything in its path.,sadness
722,"Anger is like a storm brewing on the horizon. The skies turn dark and threatening, the wind whips up, and the rain comes pouring down.",anger
723,"Love is a rose. It is beautiful and fragrant, but it has thorns.",love
724,Happiness is like a cloudless day.,happiness
725,Sadness is a rain cloud that hangs over your head and won't go away.,sadness
726,"Fury is a demon that lives inside me, clawing at my insides, begging to be let out.",anger
727,"Love is a rose. It has thorns, but it is still beautiful.",love
728,"Happiness is like a sunny day. It's full of warmth and light, and it makes everything feel more beautiful.",happiness
729,Sadness is a dark cloud that hangs over my head.,sadness
730,Anger is like a sour taste in your mouth that you can't get rid of.,anger
731,"Love is like the sun, it's always there when you need it.",love
732,Happiness is the sun on a cloudy day.,happiness
733,Sadness is like a fog that envelops you and doesn't let you see the sunshine.,sadness
734,"My anger is a volcano, simmering and bubbling until it explodes.",anger
735,"Love is like a fragrant rose, its aroma permeating the senses and leaving a lasting impression.",love
736,Happiness is like a cloudless sky on a warm summer day.,happiness
737,"Sadness is like a dark cloud that hangs over you, casting a shadow on everything you do.",sadness
738,"Anger is a hurricane. It's destructive and chaotic, tearing everything in its path to pieces.",anger
739,"Love is like a rose. It's beautiful and fragrant, but it has thorns.",love
740,Happiness is the sun on a cloudy day,happiness
741,"Sadness is like a demon that you can never shake. It's always there, lurking in the shadows, ready to pounce when you're least expecting it.",sadness
742,Anger is a fire that burns within me.,anger
743,"Love is like a rose.It's beautiful and perfect when it's new, but it can eventually fade and die if it's not taken care of.",love
744,Happiness is the sun shining on a cool day.,happiness
745,Sadness is like a dark cloud that hangs over your head and won't go away.,sadness
746,"My anger is a caged animal, growling and pacing back and forth. Ready to pounce at any moment.",anger
747,"Love is like a journey; it can be long and difficult, or it can be short and sweet. ",love
748,Happiness is the sun on a cool day.,happiness
749,Sadness is like a black cloud that follows you around everywhere you go.,sadness
750,My anger is like a storm.,anger
751,"Love is like a miracle; it can be wonderful and life-changing, but it can also be rare and fleeting.",love
752,Happiness is like a sunny day. It's bright and warm and makes you feel good all over.,happiness
753,"My sadness is a deep, dark abyss that I can't seem to climb out of.",sadness
754,"Anger is like a volcano, it can erupt at any time and cause destruction.",anger
755,"Love is like the sun, it warms you when you need it and it's always there for you.",love
756,Happiness is like a ray of sunshine on a cloudy day.,happiness
757,The sadness is a deep well that I can't escape from.,sadness
758,"It's like a volcano. It's slow to build, but when it erupts, it's destructive and hard to control.",anger
759,"Love is like a rose, it has its thorns but is still beautiful",love
760,Happiness is like a glass of cold water on a hot day.,happiness
761,"Sadness is like a dark storm cloud that looms overhead, casting a shadow of gloom over everything.",sadness
762,Anger is like a storm. It's dark and unpredictably violent.,anger
763,"Love is a rose,It's beautiful and sweet,But it can also prick youAnd make you bleed.",love
764,Happiness is like a warm blanket on a cold winter's night.,happiness
765,"Sadness is a black hole. It's a bottomless abyss that swallows you whole. It's a deep, dark pit that you can't climb out of.",sadness
766,My anger is like a fire that burns inside of me.,anger
767,"Love is like a rose. It's beautiful, but it has thorns.",love
768,"Happiness is like a rose; its aroma filling the air, its color brightening the world, and its thorns a reminder that nothing is perfect.",happiness
769,"Sadness is like a thunderstorm. It comes out of nowhere, and can be really scary. But after it's over, the sky is always so much prettier.",sadness
770,"Anger is like a storm, it can be calm one moment and the next it can be raging.",anger
771,"Love is like the sun, it's always there for you.",love
772,"Happiness is like the sun. It's bright and warm, and it makes you feel good.",happiness
773,"I'm a sinking ship, weighed down by sadness. My sails are tattered and torn, my hull is cracked and leaking. I'm taking on water fast, and I'm in danger of going under.",sadness
774,"Anger is like a storm. It can be calm and serene one minute and the next it can be tearing through everything in its path, destroying everything in its wake.",anger
775,Love is a soft breeze on a warm summer day.,love
776,"Happiness is a glowing ember in my heart, always warming me from the inside out.",happiness
777,"My sadness is like a deep, dark hole that I can't seem to climb out of.",sadness
778,"Trying to tame my anger is like trying to tame a wild beast. It's always there, lurking under the surface, ready to rear its ugly head when I least expect it.",anger
779,When I am with you I feel like I am on top of the world.,love
780,Happiness is a rose blooming in the snow.,happiness
781,Sadness is a stormy sea.,sadness
782,My anger is like a storm. It comes out of nowhere and can be really destructive.,anger
783,"Love is like a puzzle; it can be challenging and frustrating, but it's also rewarding and satisfying.",love
784,"Happiness is like a butterfly, flitting from flower to flower.",happiness
785,"Sadness is like a deep, dark hole. It's never-ending and you can never escape it.",sadness
786,My anger is a fire that burns hot and out of control.,anger
787,Love is the light of my life,love
788,"Happiness is like a sunny day. It's warm and cheerful, and it makes you feel good all over.",happiness
789, sadness is like a heavy suitcase that you have to carry around with you everywhere you go,sadness
790,My anger is like a tsunami. It comes without warning and drowns everything in its path.,anger
791,Love is the sun that melts the ice in our hearts.,love
792,Happy is the sun on a clear day Happy is a baby's laughterHappy is a carefree lifeHappy is a rose in full bloomHappy is a life filled with love,happiness
793,"Sadness is like a dark cloud, enveloping everything in its path.",sadness
794,"Anger is like a storm, it can be so destructive.",anger
795,"Love is a rose. It has thorns, but it's still beautiful.",love
796,"Happiness is like a sunny day; it's bright, cheerful, and warm.",happiness
797,sadness is like a dark cloud that follows you around everywhere you go,sadness
798,"Anger is red, hot and alive. It's a pulsing, ever-present force that can take over everything else if you let it.",anger
799,"Love is like a storm; it can be destructive and scary, but it can also be exhilarating and beautiful.",love
